[
null,
{"id":1,"battlerName":"","characterIndex":0,"characterName":"","classId":1,"equips":[1,1,2,3,0],"faceIndex":0,"faceName":"Package1","traits":[],"initialLevel":1,"maxLevel":99,"name":"アルド","nickname":"","note":"<on>\n↑のタグを付けたキャラが\n選択画面に表示されます\n\n<CSS_画像:Package1_1>\n</CSS_画像>\n↑のタグで選択画面で表示する\n立ち絵を設定します\n\n<CRD_特徴>\n突き出しを取る: 9\n端を取る: 10\n右を取る: 10\n端に入れる: 10\n右に入れる: 10\nジョーカーを突き出す: 8\n</CRD_特徴>\n<CRD_台詞>\nペアができた: 5, よし！\nペアができた: 5, やった！\nペアができない: 5, まだ、これからだ\nペアができない: 5, 次こそは・・・\nジョーカーを引く: 5, うわ・・・\nジョーカー以外を引く:5, ニーナどうしてるかな\nジョーカー以外を引く:5, かあさんのマフィンが食べたい・・・\n</CRD_台詞>","profile":""},
{"id":2,"battlerName":"","characterIndex":7,"characterName":"","classId":2,"equips":[2,1,2,3,0],"faceIndex":1,"faceName":"Package1","traits":[],"initialLevel":1,"maxLevel":99,"name":"ニナ","nickname":"","note":"<on>\n<CSS_画像:Package1_2>\n</CSS_画像>\n<CRD_特徴>\n突き出しを取らない: 8\n中央を取る: 6\n左を取る: 6\n中央に入れる: 6\n左に入れる: 6\n</CRD_特徴>\n<CRD_台詞>\nジョーカー以外を引く: 5, みんなで遊ぶの楽しい\nペアができた: 5, うん\nペアができた: 5, もうすこし\nペアができない: 5, そろわない・・・\nペアができない: 5, カードが減らない・・・\nジョーカーを引く: 5, むー\n</CRD_台詞>","profile":""},
{"id":3,"battlerName":"","characterIndex":7,"characterName":"","classId":3,"equips":[3,0,2,3,4],"faceIndex":2,"faceName":"Package1","traits":[],"initialLevel":1,"maxLevel":99,"name":"ロブ","nickname":"","note":"<on>\n<CSS_画像:Package1_3>\n</CSS_画像>\n<CRD_特徴>\n端を取らない: 6\n右を取る: 6\n突き出しを取らない: 8\n端に入れる: 6\n右に入れる: 6\n</CRD_特徴>\n<CRD_台詞>\nペアができた: 5, いいですね\nペアができた: 5, ふふ、いいかんじですよ\nペアができない: 5, うまくいきませんね\nペアができない: 5, まあ、こんなこともありますね\nジョーカーを引く: 5, やってしまいました\nジョーカーを引く: 5, ここからが勝負ですよ\n</CRD_台詞>","profile":"ニナの使い魔。\n冷静だが、どこか抜けている。"},
{"id":4,"battlerName":"","characterIndex":7,"characterName":"","classId":3,"equips":[3,0,2,3,4],"faceIndex":6,"faceName":"Package1","traits":[],"initialLevel":1,"maxLevel":99,"name":"グスタフ","nickname":"","note":"<on>\n<CSS_画像:Package1_7>\n</CSS_画像>\n<CRD_特徴>\n中央を取る: 10\n右を取る: 6\n突き出しを取らない: 10\n中央に入れる:10\n右に入れる:6\n</CRD_特徴>\n<CRD_台詞>\nペアができた: 5, ふぉふぉふぉ\nペアができた: 5, よしよし、いいぞぃ\nペアができない: 5, むむむ\nペアができない: 5, いやな状況じゃ\nジョーカーを引く: 5, 我輩としたことが・・・\nジョーカーを引く: 5, こいつはいかんの\n</CRD_台詞>","profile":"元帝都騎士団長で、既に退役。\n帝都カード大会の優勝経験がある。"},
{"id":5,"battlerName":"","characterIndex":6,"characterName":"","classId":4,"equips":[4,0,2,3,4],"faceIndex":3,"faceName":"Package1","traits":[],"initialLevel":1,"maxLevel":99,"name":"ハヤテマル","nickname":"","note":"<on>\n<CSS_画像:Package1_4>\n</CSS_画像>\n<CRD_特徴>\n中央を取る:6\n左を取る:6\n突き出しを取らない:8\n中央に入れる:6\n左に入れる:6\n</CRD_特徴>\n<CRD_台詞>\nペアができた: 5, この調子だ\nペアができない: 5, 次の手は・・・\nジョーカーを引く: 5, ふむ・・・\n</CRD_台詞>","profile":"獣人族の忍者。その素早い動きは\nカード捌きも定評がある。"},
{"id":6,"battlerName":"","characterIndex":0,"characterName":"","classId":1,"equips":[0,0,0,0,0],"faceIndex":4,"faceName":"Package1","traits":[],"initialLevel":1,"maxLevel":99,"name":"アイセル","nickname":"","note":"<on>\n<CSS_画像:Package1_5>\n</CSS_画像>\n<CRD_特徴>\n箸を取らない:6\n中央を取らない:6\n突き出しを取らない:8\n中央に入れる:6\n左に入れる:6\n</CRD_特徴>\n<CRD_台詞>\nペアができた: 5, やったぁ\nペアができた: 5, いけるいける\nペアができない: 5, 次はいいのがきてよね\nペアができない: 5, なんかちがう～\nジョーカーを引く: 5, うっそ～\nジョーカーを引く: 5, こ、これはいいカードだね・・・\n</CRD_台詞>","profile":"３匹の魔物を操る魔物使い。\n魔物を使って相手を翻弄する。"},
{"id":7,"battlerName":"","characterIndex":0,"characterName":"","classId":1,"equips":[0,0,0,0,0],"faceIndex":5,"faceName":"Package1","traits":[],"initialLevel":1,"maxLevel":99,"name":"ディララ","nickname":"","note":"<on>\n<CSS_画像:Package1_6>\n</CSS_画像>\n<CRD_特徴>\n箸を取らない:4\n左を取る:4\n端に入れる:4\n左に入れる:4\n</CRD_特徴>\n<CRD_台詞>\nペアができた: 5, 次はあそこを狙います\nペアができた: 5, 順調です\nペアができない: 5, 次は取り方を変えてみましょうか\nペアができない: 5, まだまだこれからです\nジョーカーを引く: 5, 次はどうしましょう\nジョーカー以外を引く: 5, ・・・次は・・・\n</CRD_台詞>","profile":"魔法使いのお姉さん。\nよく考え込む癖がある。"},
{"id":8,"battlerName":"","characterIndex":0,"characterName":"","classId":1,"equips":[0,0,0,0,0],"faceIndex":7,"faceName":"Package1","traits":[],"initialLevel":1,"maxLevel":99,"name":"夜一","nickname":"","note":"<on>\n<CSS_画像:Package1_8>\n</CSS_画像>\n<CRD_特徴>\n端を取る:8\n左を取る:8\n突き出しを取らない:10\n端に入れる:8\n左に入れる:8\nジョーカーを突き出す:6\n</CRD_特徴>","profile":"旅のサムライ。賭け事が好きだが\nいつも負けている。"},
{"id":9,"battlerName":"","characterIndex":0,"characterName":"","classId":1,"equips":[0,0,0,0,0],"faceIndex":0,"faceName":"Package2","traits":[],"initialLevel":1,"maxLevel":99,"name":"ソフィー","nickname":"","note":"<on>\n<CSS_画像:Package2_1>\n</CSS_画像>\n<CRD_特徴>\n端を取る:10\n右を取る:10\n突き出しを取る:10\n端に入れる:10\n右に入れる:10\nジョーカーを突き出す:10\n</CRD_特徴>\n<CRD_台詞>\nペアができた: 5, あたし、つよ～い！\nペアができた: 5, 当然ね！\nペアができない: 5, もっといいの持っててよ～\nペアができない: 5, も～、これじゃな～い\nジョーカーを引く: 5, え～、なんで～\nジョーカー以外を引く: 5, まぁ、これでもいっかー\nジョーカー以外を引く: 5, お腹がすいてきちゃった\n</CRD_台詞>","profile":"能天気なフェアリー。\n考える前に、口が動いてしまう。"},
{"id":10,"battlerName":"","characterIndex":0,"characterName":"","classId":1,"equips":[0,0,0,0,0],"faceIndex":1,"faceName":"Package2","traits":[],"initialLevel":1,"maxLevel":99,"name":"フリスト","nickname":"","note":"<on>\n<CSS_画像:Package2_2>\n</CSS_画像>\n<CRD_特徴>\n端を取る:10\n左を取る:10\n突き出しを取る:9\n端に入れる:10\n左に入れる:10\nジョーカーを突き出す:8\n</CRD_特徴>","profile":""},
{"id":11,"battlerName":"","characterIndex":0,"characterName":"","classId":1,"equips":[0,0,0,0,0],"faceIndex":2,"faceName":"Package2","traits":[],"initialLevel":1,"maxLevel":99,"name":"アクジャ","nickname":"","note":"<on>\n<CSS_画像:Package2_3>\n</CSS_画像>\n<CRD_特徴>\n端を取らない:1\n中央を取らない:1\n右を取る:2\n端に入れない:1\n中央に入れない:1\n右に入れる:2\n</CRD_特徴>\n<CRD_台詞>\nペアができた: 5, すみません・・・\nペアができた: 5, いいんでしょうか・・・\nペアができた: 5, ごめんなさい・・・\nペアができない: 5, はぁ・・・\nペアができない: 5, いつものことです・・・\nペアができない: 5, やはり・・・\n</CRD_台詞>","profile":""},
{"id":12,"battlerName":"","characterIndex":0,"characterName":"","classId":1,"equips":[0,0,0,0,0],"faceIndex":3,"faceName":"Package2","traits":[],"initialLevel":1,"maxLevel":99,"name":"フランツ","nickname":"","note":"<on>\n<CSS_画像:Package2_4>\n</CSS_画像>\n<CRD_特徴>\n中央を取る:8\n右を取る:8\n突き出しを取らない:10\n中央に入れる:8\n右に入れる:8\nジョーカー以外を突き出す:8\n</CRD_特徴>\n<CRD_台詞>\nペアができた: 5, 僕なら当然さ\nペアができた: 5, これが僕の力さ\nペアができない: 5, つまらないね\nペアができない: 5, ふん、調子に乗るのも今の内だよ\nジョーカーを引く: 5, こ、この僕が・・・\nジョーカー以外を引く: 5, 僕の力を見せてあげるよ\n</CRD_台詞>","profile":""},
{"id":13,"battlerName":"","characterIndex":0,"characterName":"","classId":1,"equips":[0,0,0,0,0],"faceIndex":4,"faceName":"Package2","traits":[],"initialLevel":1,"maxLevel":99,"name":"オルハン","nickname":"","note":"<on>\n<CSS_画像:Package2_5>\n</CSS_画像>\n<CRD_特徴>\n端を取らない:4\n右を取る:4\n端に入れる:4\n右に入れる:4\n</CRD_特徴>","profile":""},
{"id":14,"battlerName":"","characterIndex":0,"characterName":"","classId":1,"equips":[0,0,0,0,0],"faceIndex":5,"faceName":"Package2","traits":[],"initialLevel":1,"maxLevel":99,"name":"マリー","nickname":"","note":"<on>\n<CSS_画像:Package2_6>\n</CSS_画像>\n<CRD_特徴>\n中央を取らない:2\n左を取る:2\n中央に入れる:2\n左に入れる:2\n</CRD_特徴>","profile":""},
{"id":15,"battlerName":"","characterIndex":0,"characterName":"","classId":1,"equips":[0,0,0,0,0],"faceIndex":0,"faceName":"Package2_7","traits":[],"initialLevel":1,"maxLevel":99,"name":"チムグ","nickname":"","note":"<on>\n<CSS_画像:Package2_7>\n</CSS_画像>\n<CRD_特徴>\n中央を取らない:4\n左を取る:4\n中央に入れる:4\n左に入れる:4\n</CRD_特徴>","profile":""},
{"id":16,"battlerName":"","characterIndex":0,"characterName":"","classId":1,"equips":[0,0,0,0,0],"faceIndex":7,"faceName":"Package2","traits":[],"initialLevel":1,"maxLevel":99,"name":"ビーツー","nickname":"","note":"<on>\n<CSS_画像:Package2_8>\n</CSS_画像>\n<CRD_特徴>\n</CRD_特徴>","profile":""}
]