[
null,
{"id":1,"list":[{"code":0,"indent":0,"parameters":[]}],"name":"","switchId":1,"trigger":0},
{"id":2,"list":[{"code":0,"indent":0,"parameters":[]}],"name":"","switchId":1,"trigger":0},
{"id":3,"list":[{"code":0,"indent":0,"parameters":[]}],"name":"","switchId":1,"trigger":0},
{"id":4,"list":[{"code":0,"indent":0,"parameters":[]}],"name":"","switchId":1,"trigger":0},
{"id":5,"list":[{"code":0,"indent":0,"parameters":[]}],"name":"","switchId":1,"trigger":0},
{"id":6,"list":[{"code":355,"indent":0,"parameters":["var values = [$gameVariables.value(12),$gameVariables.value(14),"]},{"code":655,"indent":0,"parameters":["$gameVariables.value(16),$gameVariables.value(18)];"]},{"code":655,"indent":0,"parameters":["values.some( function(value,i){"]},{"code":655,"indent":0,"parameters":[" if (value === Math.max.apply(null,values)) {"]},{"code":655,"indent":0,"parameters":["  var n = $gameParty._actors.splice(i, 1)"]},{"code":655,"indent":0,"parameters":[" $gameParty._actors.unshift(n)"]},{"code":655,"indent":0,"parameters":["} "]},{"code":655,"indent":0,"parameters":["values.some( function(value,i){"]},{"code":655,"indent":0,"parameters":[" if (value === Math.min.apply(null,values)) {"]},{"code":655,"indent":0,"parameters":["  var n = $gameParty._actors.splice(i, 1)"]},{"code":655,"indent":0,"parameters":[" $gameParty._actors.push(n)"]},{"code":655,"indent":0,"parameters":["} "]},{"code":0,"indent":0,"parameters":[]}],"name":"パーティー並び替え","switchId":1,"trigger":0},
{"id":7,"list":[{"code":0,"indent":0,"parameters":[]}],"name":"","switchId":1,"trigger":0},
{"id":8,"list":[{"code":0,"indent":0,"parameters":[]}],"name":"","switchId":1,"trigger":0},
{"id":9,"list":[{"code":0,"indent":0,"parameters":[]}],"name":"","switchId":1,"trigger":0},
{"id":10,"list":[{"code":356,"indent":0,"parameters":["OSW_コモン設定 マップ 0 表示 OFF"]},{"code":356,"indent":0,"parameters":["OSW_コマンド設定 マップ 0 表示 OFF アクティブ OFF"]},{"code":354,"indent":0,"parameters":[]},{"code":0,"indent":0,"parameters":[]}],"name":"コマンド：やめる","switchId":1,"trigger":0},
{"id":11,"list":[{"code":122,"indent":0,"parameters":[20,20,0,0,2]},{"code":122,"indent":0,"parameters":[6,6,0,4,"'あなたの使用キャラは？'"]},{"code":122,"indent":0,"parameters":[7,7,0,0,1]},{"code":122,"indent":0,"parameters":[8,8,0,0,3]},{"code":108,"indent":0,"parameters":["----------------------------------------------"]},{"code":408,"indent":0,"parameters":["人数選択用のウィンドウを隠す"]},{"code":408,"indent":0,"parameters":["----------------------------------------------"]},{"code":356,"indent":0,"parameters":["OSW_コモン設定 マップ 0 表示 OFF"]},{"code":356,"indent":0,"parameters":["OSW_コマンド設定 マップ 0 表示 OFF アクティブ OFF"]},{"code":108,"indent":0,"parameters":["----------------------------------------------"]},{"code":408,"indent":0,"parameters":["プレイヤー選択用のウィンドウを表示"]},{"code":408,"indent":0,"parameters":["----------------------------------------------"]},{"code":356,"indent":0,"parameters":["OSW_コモン設定 マップ 1 表示 ON"]},{"code":356,"indent":0,"parameters":["OSW_コモン設定 マップ 2 表示 ON"]},{"code":356,"indent":0,"parameters":["OSW_セレクト設定 マップ 0 表示 ON アクティブ ON"]},{"code":0,"indent":0,"parameters":[]}],"name":"コマンド：二人で遊ぶ","switchId":1,"trigger":0},
{"id":12,"list":[{"code":122,"indent":0,"parameters":[20,20,0,0,3]},{"code":122,"indent":0,"parameters":[6,6,0,4,"'あなたの使用キャラは？'"]},{"code":122,"indent":0,"parameters":[7,7,0,0,1]},{"code":122,"indent":0,"parameters":[8,8,0,0,3]},{"code":108,"indent":0,"parameters":["----------------------------------------------"]},{"code":408,"indent":0,"parameters":["人数選択用のウィンドウを隠す"]},{"code":408,"indent":0,"parameters":["----------------------------------------------"]},{"code":356,"indent":0,"parameters":["OSW_コモン設定 マップ 0 表示 OFF"]},{"code":356,"indent":0,"parameters":["OSW_コマンド設定 マップ 0 表示 OFF アクティブ OFF"]},{"code":108,"indent":0,"parameters":["----------------------------------------------"]},{"code":408,"indent":0,"parameters":["プレイヤー選択用のウィンドウを表示"]},{"code":408,"indent":0,"parameters":["----------------------------------------------"]},{"code":356,"indent":0,"parameters":["OSW_コモン設定 マップ 1 表示 ON"]},{"code":356,"indent":0,"parameters":["OSW_コモン設定 マップ 2 表示 ON"]},{"code":356,"indent":0,"parameters":["OSW_セレクト設定 マップ 0 表示 ON アクティブ ON"]},{"code":0,"indent":0,"parameters":[]}],"name":"コマンド：三人で遊ぶ","switchId":1,"trigger":0},
{"id":13,"list":[{"code":122,"indent":0,"parameters":[20,20,0,0,4]},{"code":122,"indent":0,"parameters":[6,6,0,4,"'あなたの使用キャラは？'"]},{"code":122,"indent":0,"parameters":[7,7,0,0,1]},{"code":122,"indent":0,"parameters":[8,8,0,0,3]},{"code":108,"indent":0,"parameters":["----------------------------------------------"]},{"code":408,"indent":0,"parameters":["人数選択用のウィンドウを隠す"]},{"code":408,"indent":0,"parameters":["----------------------------------------------"]},{"code":356,"indent":0,"parameters":["OSW_コモン設定 マップ 0 表示 OFF"]},{"code":356,"indent":0,"parameters":["OSW_コマンド設定 マップ 0 表示 OFF アクティブ OFF"]},{"code":108,"indent":0,"parameters":["----------------------------------------------"]},{"code":408,"indent":0,"parameters":["プレイヤー選択用のウィンドウを表示"]},{"code":408,"indent":0,"parameters":["----------------------------------------------"]},{"code":356,"indent":0,"parameters":["OSW_コモン設定 マップ 1 表示 ON"]},{"code":356,"indent":0,"parameters":["OSW_コモン設定 マップ 2 表示 ON"]},{"code":356,"indent":0,"parameters":["OSW_セレクト設定 マップ 0 表示 ON アクティブ ON"]},{"code":0,"indent":0,"parameters":[]}],"name":"コマンド：四人で遊ぶ","switchId":1,"trigger":0},
{"id":14,"list":[{"code":108,"indent":0,"parameters":["プレイヤー選択画面で、キャラを選択した後の処理"]},{"code":408,"indent":0,"parameters":[""]},{"code":408,"indent":0,"parameters":["選択したキャラをパーティーメンバーに加えている"]},{"code":408,"indent":0,"parameters":["*************************************************"]},{"code":108,"indent":0,"parameters":["以下のスクリプトで、"]},{"code":408,"indent":0,"parameters":["・現在何人目を選択したか"]},{"code":408,"indent":0,"parameters":["・選択したキャラのアクターIDはいくつか"]},{"code":408,"indent":0,"parameters":["を、変数に格納した上で"]},{"code":408,"indent":0,"parameters":["選択したキャラをパーティーに加える"]},{"code":108,"indent":0,"parameters":["加えることが出来ない場合（すでに選択済み）は"]},{"code":408,"indent":0,"parameters":["変数「判定」を１にする"]},{"code":355,"indent":0,"parameters":["var num = $gameVariables.value(7);"]},{"code":655,"indent":0,"parameters":["var varId = 10 + num * 2;"]},{"code":655,"indent":0,"parameters":["$gameVariables.setValue(5,varId)"]},{"code":655,"indent":0,"parameters":["var actorId = $gameMap._oswIndex + 1;"]},{"code":655,"indent":0,"parameters":["if ($gameCardData.players().contains(actorId)) {"]},{"code":655,"indent":0,"parameters":["$gameVariables.setValue(4, 1);"]},{"code":655,"indent":0,"parameters":["} else {"]},{"code":655,"indent":0,"parameters":["$gameVariables.setValue(varId, actorId);"]},{"code":655,"indent":0,"parameters":["$gameVariables.setValue(9, actorId);"]},{"code":655,"indent":0,"parameters":["$gameParty.addActor(actorId)"]},{"code":655,"indent":0,"parameters":["}"]},{"code":111,"indent":0,"parameters":[1,4,0,0,3]},{"code":122,"indent":1,"parameters":[1,1,0,0,0]},{"code":250,"indent":1,"parameters":[{"name":"Buzzer1","volume":90,"pitch":100,"pan":0}]},{"code":0,"indent":1,"parameters":[]},{"code":411,"indent":0,"parameters":[]},{"code":122,"indent":1,"parameters":[4,4,0,0,0]},{"code":122,"indent":1,"parameters":[7,7,1,0,1]},{"code":111,"indent":1,"parameters":[1,7,1,20,3]},{"code":108,"indent":2,"parameters":["プレイヤー人数分設定したら、"]},{"code":408,"indent":2,"parameters":["今表示しているウィンドウを非表示にして"]},{"code":408,"indent":2,"parameters":["次の画面を表示する"]},{"code":356,"indent":2,"parameters":["OSW_セレクト設定 マップ 0 表示 OFF アクティブ OFF"]},{"code":356,"indent":2,"parameters":["OSW_コモン設定 マップ 1 表示 OFF"]},{"code":356,"indent":2,"parameters":["OSW_コモン設定 マップ 2 表示 OFF"]},{"code":356,"indent":2,"parameters":["OSW_コモン設定 マップ 3 表示 OFF"]},{"code":356,"indent":2,"parameters":["OSW_コモン設定 マップ 4 表示 OFF"]},{"code":356,"indent":2,"parameters":["OSW_コモン設定 マップ 5 表示 OFF"]},{"code":356,"indent":2,"parameters":["OSW_コマンド設定 マップ 1 表示 ON アクティブ ON"]},{"code":356,"indent":2,"parameters":["OSW_セレクト設定 マップ 1 表示 ON アクティブ OFF"]},{"code":0,"indent":2,"parameters":[]},{"code":411,"indent":1,"parameters":[]},{"code":356,"indent":2,"parameters":["OSW_コモン設定 マップ \\v[8] アクター \\v[9]"]},{"code":356,"indent":2,"parameters":["OSW_コモン設定 マップ \\v[8] 表示 ON"]},{"code":122,"indent":2,"parameters":[8,8,1,0,1]},{"code":122,"indent":2,"parameters":[6,6,0,4,"'ＮＰＣを選択してね'"]},{"code":356,"indent":2,"parameters":["OSW_コモン設定 マップ 1 更新"]},{"code":0,"indent":2,"parameters":[]},{"code":412,"indent":1,"parameters":[]},{"code":0,"indent":1,"parameters":[]},{"code":412,"indent":0,"parameters":[]},{"code":0,"indent":0,"parameters":[]}],"name":"セレクト：プレイヤー選択","switchId":1,"trigger":0},
{"id":15,"list":[{"code":122,"indent":0,"parameters":[7,7,2,0,1]},{"code":108,"indent":0,"parameters":["以下のスクリプトで、プレイヤー選択順の"]},{"code":408,"indent":0,"parameters":["変数内のデータを消した上で"]},{"code":408,"indent":0,"parameters":["キャラをパーティーからはずす"]},{"code":355,"indent":0,"parameters":["var num = $gameVariables.value(7);"]},{"code":655,"indent":0,"parameters":["var varId = 10 + num * 2;"]},{"code":655,"indent":0,"parameters":["var actorId = $gameVariables.value(varId);"]},{"code":655,"indent":0,"parameters":["$gameVariables.setValue(varId, 0);"]},{"code":655,"indent":0,"parameters":["$gameParty.removeActor(actorId);"]},{"code":122,"indent":0,"parameters":[8,8,2,0,1]},{"code":356,"indent":0,"parameters":["OSW_コモン設定 マップ \\v[8] 表示 OFF"]},{"code":111,"indent":0,"parameters":[1,7,0,1,2]},{"code":108,"indent":1,"parameters":["選択済みの人数が０になったら"]},{"code":408,"indent":1,"parameters":["人数選択画面に戻す"]},{"code":356,"indent":1,"parameters":["OSW_コモン設定 マップ 0 表示 ON"]},{"code":356,"indent":1,"parameters":["OSW_コマンド設定 マップ 0 表示 ON アクティブ ON"]},{"code":356,"indent":1,"parameters":["OSW_コモン設定 マップ 1 表示 OFF"]},{"code":356,"indent":1,"parameters":["OSW_コモン設定 マップ 2 表示 OFF"]},{"code":356,"indent":1,"parameters":["OSW_コモン設定 マップ 3 表示 OFF"]},{"code":356,"indent":1,"parameters":["OSW_セレクト設定 マップ 0 表示 OFF アクティブ OFF"]},{"code":0,"indent":1,"parameters":[]},{"code":411,"indent":0,"parameters":[]},{"code":0,"indent":1,"parameters":[]},{"code":412,"indent":0,"parameters":[]},{"code":0,"indent":0,"parameters":[]}],"name":"セレクト：プレイヤーキャンセル","switchId":1,"trigger":0},
{"id":16,"list":[{"code":108,"indent":0,"parameters":["選択終了コマンドを実行すると"]},{"code":408,"indent":0,"parameters":["カードゲームを開始する"]},{"code":408,"indent":0,"parameters":[""]},{"code":408,"indent":0,"parameters":["また、カードゲーム終了後に表示する"]},{"code":408,"indent":0,"parameters":["戦績画面の表示内容もここで設定する"]},{"code":235,"indent":0,"parameters":[1]},{"code":356,"indent":0,"parameters":["OSW_セレクト設定 マップ 1 表示 OFF アクティブ OFF"]},{"code":356,"indent":0,"parameters":["OSW_コマンド設定 マップ 1 表示 OFF アクティブ OFF"]},{"code":221,"indent":0,"parameters":[]},{"code":108,"indent":0,"parameters":["表示しているウィンドウや背景をすべて消して"]},{"code":408,"indent":0,"parameters":["カードゲーム実行"]},{"code":356,"indent":0,"parameters":["CRD_カードゲーム表示"]},{"code":108,"indent":0,"parameters":[""]},{"code":108,"indent":0,"parameters":["ここからは、カードゲーム終了後の処理"]},{"code":242,"indent":0,"parameters":[1]},{"code":222,"indent":0,"parameters":[]},{"code":249,"indent":0,"parameters":[{"name":"Victory1","volume":90,"pitch":100,"pan":0}]},{"code":231,"indent":0,"parameters":[2,"Book",0,0,0,0,100,100,255,0]},{"code":356,"indent":0,"parameters":["OSW_コモン設定 マップ 6 表示 ON"]},{"code":356,"indent":0,"parameters":["OSW_セレクト設定 マップ 2 リスト設定 パーティー バトルメンバー"]},{"code":356,"indent":0,"parameters":["OSW_セレクト設定 マップ 3 リスト設定 パーティー バトルメンバー"]},{"code":356,"indent":0,"parameters":["OSW_セレクト設定 マップ 4 リスト設定 パーティー バトルメンバー"]},{"code":108,"indent":0,"parameters":["セレクトウィンドウ３には、顔画像と名前を表示"]},{"code":356,"indent":0,"parameters":["OSW_セレクト設定 マップ 2 内容 ステータス face(2);name 幅比率 1,1,0"]},{"code":108,"indent":0,"parameters":["セレクトウィンドウ４には、獲得ポイントを表示"]},{"code":408,"indent":0,"parameters":["セレクトウィンドウ５には、プレイヤーかNPCかを表示"]},{"code":111,"indent":0,"parameters":[1,20,0,2,0]},{"code":356,"indent":1,"parameters":["OSW_セレクト設定 マップ 3 リスト設定 テキスト \\v[13],\\v[15]"]},{"code":356,"indent":1,"parameters":["OSW_セレクト設定 マップ 4 リスト設定 テキスト あなた, ＮＰＣ１"]},{"code":0,"indent":1,"parameters":[]},{"code":411,"indent":0,"parameters":[]},{"code":111,"indent":1,"parameters":[1,20,0,3,0]},{"code":356,"indent":2,"parameters":["OSW_セレクト設定 マップ 3 リスト設定 テキスト \\v[13],\\v[15],\\v[17]"]},{"code":356,"indent":2,"parameters":["OSW_セレクト設定 マップ 4 リスト設定 テキスト あなた,ＮＰＣ１,ＮＰＣ２"]},{"code":0,"indent":2,"parameters":[]},{"code":411,"indent":1,"parameters":[]},{"code":356,"indent":2,"parameters":["OSW_セレクト設定 マップ 3 リスト設定 テキスト \\v[13],\\v[15],\\v[17],\\v[19]"]},{"code":356,"indent":2,"parameters":["OSW_セレクト設定 マップ 4 リスト設定 テキスト あなた,ＮＰＣ１,ＮＰＣ２,ＮＰＣ３"]},{"code":0,"indent":2,"parameters":[]},{"code":412,"indent":1,"parameters":[]},{"code":0,"indent":1,"parameters":[]},{"code":412,"indent":0,"parameters":[]},{"code":108,"indent":0,"parameters":["表示する内容の設定が終了したら"]},{"code":408,"indent":0,"parameters":["戦績画面に必要なウィンドウを表示させる"]},{"code":356,"indent":0,"parameters":["OSW_セレクト設定 マップ 2 表示 ON アクティブ OFF"]},{"code":356,"indent":0,"parameters":["OSW_セレクト設定 マップ 3 表示 ON アクティブ OFF"]},{"code":356,"indent":0,"parameters":["OSW_セレクト設定 マップ 4 表示 ON アクティブ OFF"]},{"code":356,"indent":0,"parameters":["OSW_コマンド設定 マップ 2 表示 ON アクティブ ON"]},{"code":0,"indent":0,"parameters":[]}],"name":"コマンド：選択終了","switchId":1,"trigger":0},
{"id":17,"list":[{"code":356,"indent":0,"parameters":["OSW_コマンド設定 マップ 1 表示 OFF アクティブ OFF"]},{"code":356,"indent":0,"parameters":["OSW_セレクト設定 マップ 1 表示 OFF アクティブ OFF"]},{"code":356,"indent":0,"parameters":["OSW_コモン設定 マップ 1 表示 ON"]},{"code":356,"indent":0,"parameters":["OSW_コモン設定 マップ 2 表示 ON"]},{"code":356,"indent":0,"parameters":["OSW_セレクト設定 マップ 0 表示 ON アクティブ ON"]},{"code":111,"indent":0,"parameters":[1,8,0,3,1]},{"code":356,"indent":1,"parameters":["OSW_コモン設定 マップ 3 表示 ON"]},{"code":111,"indent":1,"parameters":[1,8,0,4,1]},{"code":111,"indent":2,"parameters":[1,20,0,3,1]},{"code":356,"indent":3,"parameters":["OSW_コモン設定 マップ 4 表示 ON"]},{"code":0,"indent":3,"parameters":[]},{"code":412,"indent":2,"parameters":[]},{"code":111,"indent":2,"parameters":[1,8,0,5,1]},{"code":111,"indent":3,"parameters":[1,20,0,4,0]},{"code":356,"indent":4,"parameters":["OSW_コモン設定 マップ 5 表示 ON"]},{"code":0,"indent":4,"parameters":[]},{"code":412,"indent":3,"parameters":[]},{"code":0,"indent":3,"parameters":[]},{"code":412,"indent":2,"parameters":[]},{"code":0,"indent":2,"parameters":[]},{"code":412,"indent":1,"parameters":[]},{"code":0,"indent":1,"parameters":[]},{"code":412,"indent":0,"parameters":[]},{"code":122,"indent":0,"parameters":[7,7,2,0,1]},{"code":355,"indent":0,"parameters":["var num = $gameVariables.value(7);"]},{"code":655,"indent":0,"parameters":["var varId = 10 + num * 2;"]},{"code":655,"indent":0,"parameters":["var actorId = $gameVariables.value(varId);"]},{"code":655,"indent":0,"parameters":["$gameParty.removeActor(actorId);"]},{"code":655,"indent":0,"parameters":["$gameVariables.setValue($gameVariables.value(5), 0)"]},{"code":0,"indent":0,"parameters":[]}],"name":"コマンド：選択キャンセル","switchId":1,"trigger":0},
{"id":18,"list":[{"code":108,"indent":0,"parameters":["戦績画面で表示する終了コマンドの実行内容"]},{"code":408,"indent":0,"parameters":["*************************************************"]},{"code":356,"indent":0,"parameters":["OSW_コモン設定 マップ 6 表示 OFF"]},{"code":356,"indent":0,"parameters":["OSW_セレクト設定 マップ 2 表示 OFF アクティブ OFF"]},{"code":356,"indent":0,"parameters":["OSW_セレクト設定 マップ 3 表示 OFF アクティブ OFF"]},{"code":356,"indent":0,"parameters":["OSW_セレクト設定 マップ 4 表示 OFF アクティブ OFF"]},{"code":356,"indent":0,"parameters":["OSW_コマンド設定 マップ 2 表示 OFF アクティブ OFF"]},{"code":235,"indent":0,"parameters":[2]},{"code":354,"indent":0,"parameters":[]},{"code":0,"indent":0,"parameters":[]}],"name":"コマンド：終了","switchId":1,"trigger":0},
{"id":19,"list":[{"code":0,"indent":0,"parameters":[]}],"name":"","switchId":1,"trigger":0},
{"id":20,"list":[{"code":0,"indent":0,"parameters":[]}],"name":"","switchId":1,"trigger":0}
]