[
null,
{"id":1,"animationId":0,"consumable":true,"damage":{"critical":false,"elementId":0,"formula":"0","type":0,"variance":20},"description":"Reset all target skill trees.\nTarget get the SP was used.","effects":[],"hitType":0,"iconIndex":176,"itypeId":1,"name":"Skill Tree Reset Potion","note":"<STS Reset Tree>","occasion":0,"price":0,"repeats":1,"scope":7,"speed":0,"successRate":100,"tpGain":0},
{"id":2,"animationId":0,"consumable":true,"damage":{"critical":false,"elementId":0,"formula":"0","type":0,"variance":20},"description":"Clear all target skill trees.\nTarget dose not get the SP was used.","effects":[],"hitType":0,"iconIndex":176,"itypeId":1,"name":"Skill Tree Clear Potion","note":"<STS Clear Tree>","occasion":0,"price":0,"repeats":1,"scope":7,"speed":0,"successRate":100,"tpGain":0},
{"id":3,"animationId":0,"consumable":true,"damage":{"critical":false,"elementId":0,"formula":"0","type":0,"variance":20},"description":"Target get 10 SP.","effects":[],"hitType":0,"iconIndex":176,"itypeId":1,"name":"SP Potion","note":"<STS Get SP: 10>","occasion":0,"price":0,"repeats":1,"scope":7,"speed":0,"successRate":100,"tpGain":0},
{"id":4,"animationId":0,"consumable":true,"damage":{"critical":false,"elementId":0,"formula":"0","type":0,"variance":20},"description":"","effects":[],"hitType":0,"iconIndex":0,"itypeId":1,"name":"","note":"","occasion":0,"price":0,"repeats":1,"scope":7,"speed":0,"successRate":100,"tpGain":0}
]