[
null,
{"id":1,"animationId":0,"description":"","etypeId":1,"traits":[{"code":31,"dataId":1,"value":0},{"code":22,"dataId":0,"value":0}],"iconIndex":76,"name":"Skill Tree 1","note":"<Set Sts Data>\nSkill: 4\n</Set Sts Data>","params":[0,0,0,0,0,0,0,0],"price":0,"wtypeId":15},
{"id":2,"animationId":0,"description":"","etypeId":1,"traits":[{"code":31,"dataId":1,"value":0},{"code":22,"dataId":0,"value":0}],"iconIndex":77,"name":"Skill Tree 2","note":"<Set Sts Data>\nSkill: 8\n</Set Sts Data>","params":[0,0,0,0,0,0,0,0],"price":0,"wtypeId":15},
{"id":3,"animationId":0,"description":"","etypeId":1,"traits":[{"code":31,"dataId":1,"value":0},{"code":22,"dataId":0,"value":0}],"iconIndex":78,"name":"Skill Tree 3","note":"<Set Sts Data>\nSkill: 13\n</Set Sts Data>","params":[0,0,0,0,0,0,0,0],"price":0,"wtypeId":15},
{"id":4,"animationId":0,"description":"","etypeId":1,"traits":[{"code":31,"dataId":1,"value":0},{"code":22,"dataId":0,"value":0}],"iconIndex":79,"name":"Skill Tree 4","note":"<Set Sts Data>\nSkill: 18\n</Set Sts Data>","params":[0,0,0,0,0,0,0,0],"price":0,"wtypeId":15}
]